{"cameraMode":{"drawMode":0,"name":"Shaded","section":"Shading Mode"},"sceneLighting":false,"audioPlay":false,"sceneViewState":{"showFog":true,"showMaterialUpdate":false,"showSkybox":false,"showFlares":true,"showImageEffects":true,"showParticleSystems":true},"in2DMode":false,"pivot":{"x":-2.051072597503662,"y":2.7728757858276369,"z":-0.036415934562683108},"rotation":{"x":0.03449055925011635,"y":0.013491706922650338,"z":-0.00046625244431197643,"w":0.9993184804916382},"size":19.648059844970704,"orthographic":false}