{"cameraMode":{"drawMode":0,"name":"Shaded","section":"Shading Mode"},"sceneLighting":true,"audioPlay":false,"sceneViewState":{"showFog":true,"showMaterialUpdate":false,"showSkybox":true,"showFlares":true,"showImageEffects":true,"showParticleSystems":true},"in2DMode":false,"pivot":{"x":964.0897827148438,"y":551.7737426757813,"z":0.892578125},"rotation":{"x":0.03929940611124039,"y":0.004807017743587494,"z":-0.00018765947606880218,"w":0.9992249608039856},"size":1385.0880126953125,"orthographic":false}