{"cameraMode":{"drawMode":0,"name":"Shaded","section":"Shading Mode"},"sceneLighting":false,"audioPlay":false,"sceneViewState":{"showFog":true,"showMaterialUpdate":false,"showSkybox":false,"showFlares":true,"showImageEffects":true,"showParticleSystems":true},"in2DMode":false,"pivot":{"x":0.9624500274658203,"y":1.0120725631713868,"z":-0.0030975341796875},"rotation":{"x":0.20368029177188874,"y":0.059854719787836078,"z":-0.012511550448834896,"w":0.977157711982727},"size":44.80607223510742,"orthographic":false}