{"cameraMode":{"drawMode":0,"name":"Shaded","section":"Shading Mode"},"sceneLighting":true,"audioPlay":false,"sceneViewState":{"showFog":true,"showMaterialUpdate":false,"showSkybox":true,"showFlares":true,"showImageEffects":true,"showParticleSystems":true},"in2DMode":false,"pivot":{"x":924.37841796875,"y":802.2593994140625,"z":7.001953125},"rotation":{"x":-0.028488745912909509,"y":0.02489611506462097,"z":-0.0006916620768606663,"w":-0.9993049502372742},"size":1380.6435546875,"orthographic":false}