{"cameraMode":{"drawMode":0,"name":"Shaded","section":"Shading Mode"},"sceneLighting":true,"audioPlay":false,"sceneViewState":{"showFog":true,"showMaterialUpdate":false,"showSkybox":true,"showFlares":true,"showImageEffects":true,"showParticleSystems":true},"in2DMode":false,"pivot":{"x":1037.889404296875,"y":518.9852294921875,"z":-22.6031494140625},"rotation":{"x":0.006897774059325457,"y":0.000001106974195863586,"z":4.7317877260866228e-7,"w":0.999984622001648},"size":1428.990966796875,"orthographic":false}