{"cameraMode":{"drawMode":0,"name":"Shaded","section":"Shading Mode"},"sceneLighting":false,"audioPlay":false,"sceneViewState":{"showFog":true,"showMaterialUpdate":false,"showSkybox":false,"showFlares":true,"showImageEffects":true,"showParticleSystems":true},"in2DMode":false,"pivot":{"x":-7.286273956298828,"y":-7.246701717376709,"z":-1.6776100397109986},"rotation":{"x":0.15878291428089143,"y":0.12728725373744965,"z":-0.02065172605216503,"w":0.9788704514503479},"size":0.08968853950500488,"orthographic":false}