{"cameraMode":{"drawMode":0,"name":"Shaded","section":"Shading Mode"},"sceneLighting":true,"audioPlay":false,"sceneViewState":{"showFog":true,"showMaterialUpdate":false,"showSkybox":true,"showFlares":true,"showImageEffects":true,"showParticleSystems":true},"in2DMode":false,"pivot":{"x":-41.4555778503418,"y":13.635643005371094,"z":366.6483154296875},"rotation":{"x":-0.064438596367836,"y":0.024857047945261,"z":-0.0015630911802873016,"w":-0.99763423204422},"size":1433.3851318359375,"orthographic":false}