{"cameraMode":{"drawMode":0,"name":"Shaded","section":"Shading Mode"},"sceneLighting":true,"audioPlay":false,"sceneViewState":{"showFog":true,"showMaterialUpdate":false,"showSkybox":false,"showFlares":true,"showImageEffects":true,"showParticleSystems":true},"in2DMode":false,"pivot":{"x":0.8357341289520264,"y":2.7887229919433595,"z":-13.980566024780274},"rotation":{"x":0.21020150184631349,"y":0.2093043178319931,"z":-0.04612275958061218,"w":0.9538813829421997},"size":15.492877960205079,"orthographic":false}