{"cameraMode":{"drawMode":0,"name":"Shaded","section":"Shading Mode"},"sceneLighting":false,"audioPlay":false,"sceneViewState":{"showFog":true,"showMaterialUpdate":false,"showSkybox":false,"showFlares":true,"showImageEffects":true,"showParticleSystems":true},"in2DMode":false,"pivot":{"x":0.0000011920928955078126,"y":1.1582926511764527,"z":-0.0005822181701660156},"rotation":{"x":0.15232115983963014,"y":-0.032607898116111758,"z":0.005028306506574154,"w":0.9877815246582031},"size":5.835860252380371,"orthographic":true}