{"cameraMode":{"drawMode":0,"name":"Shaded","section":"Shading Mode"},"sceneLighting":true,"audioPlay":false,"sceneViewState":{"showFog":true,"showMaterialUpdate":false,"showSkybox":false,"showFlares":true,"showImageEffects":true,"showParticleSystems":true},"in2DMode":false,"pivot":{"x":-0.5297532081604004,"y":5.695691108703613,"z":-6.995456695556641},"rotation":{"x":0.11890143901109696,"y":0.41643035411834719,"z":-0.055034589022397998,"w":0.8996812701225281},"size":6.276823997497559,"orthographic":false}