{"cameraMode":{"drawMode":0,"name":"Shaded","section":"Shading Mode"},"sceneLighting":false,"audioPlay":false,"sceneViewState":{"showFog":true,"showMaterialUpdate":false,"showSkybox":false,"showFlares":true,"showImageEffects":true,"showParticleSystems":true},"in2DMode":false,"pivot":{"x":0.0,"y":1.109682559967041,"z":-0.009051144123077393},"rotation":{"x":0.1146208718419075,"y":-0.24326297640800477,"z":0.028961999341845514,"w":0.9627310037612915},"size":5.570363521575928,"orthographic":false}