{"cameraMode":{"drawMode":0,"name":"Shaded","section":"Shading Mode"},"sceneLighting":false,"audioPlay":false,"sceneViewState":{"showFog":true,"showMaterialUpdate":false,"showSkybox":false,"showFlares":true,"showImageEffects":true,"showParticleSystems":true},"in2DMode":false,"pivot":{"x":-1.058957815170288,"y":1.1232740879058838,"z":0.5163500308990479},"rotation":{"x":-0.09317535161972046,"y":0.006255161948502064,"z":-0.0005844660918228328,"w":-0.9956517219543457},"size":4.24523401260376,"orthographic":false}