{"cameraMode":{"drawMode":0,"name":"Shaded","section":"Shading Mode"},"sceneLighting":false,"audioPlay":false,"sceneViewState":{"showFog":true,"showMaterialUpdate":false,"showSkybox":false,"showFlares":true,"showImageEffects":true,"showParticleSystems":true},"in2DMode":false,"pivot":{"x":2.9169411659240724,"y":-8.910388946533204,"z":7.216801643371582},"rotation":{"x":0.1229565367102623,"y":0.25278034806251528,"z":-0.03242940083146095,"w":0.9591686725616455},"size":22.190670013427736,"orthographic":false}