{"cameraMode":{"drawMode":0,"name":"Shaded","section":"Shading Mode"},"sceneLighting":false,"audioPlay":false,"sceneViewState":{"showFog":true,"showMaterialUpdate":false,"showSkybox":false,"showFlares":true,"showImageEffects":true,"showParticleSystems":true},"in2DMode":false,"pivot":{"x":0.0,"y":1.036722183227539,"z":-0.13810724020004273},"rotation":{"x":-0.3138052821159363,"y":-0.05807504430413246,"z":0.01924647018313408,"w":-0.9475433230400086},"size":5.6444902420043949,"orthographic":false}