{"cameraMode":{"drawMode":0,"name":"Shaded","section":"Shading Mode"},"sceneLighting":true,"audioPlay":false,"sceneViewState":{"showFog":true,"showMaterialUpdate":false,"showSkybox":true,"showFlares":true,"showImageEffects":true,"showParticleSystems":true},"in2DMode":false,"pivot":{"x":901.875732421875,"y":560.6978149414063,"z":14.116943359375},"rotation":{"x":0.028496675193309785,"y":-0.0029984924476593734,"z":0.00008376865298487246,"w":0.9995943903923035},"size":1440.3314208984375,"orthographic":false}