{"cameraMode":{"drawMode":0,"name":"Shaded","section":"Shading Mode"},"sceneLighting":true,"audioPlay":false,"sceneViewState":{"showFog":true,"showMaterialUpdate":false,"showSkybox":true,"showFlares":true,"showImageEffects":true,"showParticleSystems":true},"in2DMode":false,"pivot":{"x":1525.699951171875,"y":871.7000122070313,"z":0.0},"rotation":{"x":0.06444323807954788,"y":-0.019457506015896798,"z":0.0012567384401336313,"w":0.9977321028709412},"size":600.1442260742188,"orthographic":true}