{"cameraMode":{"drawMode":0,"name":"Shaded","section":"Shading Mode"},"sceneLighting":true,"audioPlay":false,"sceneViewState":{"showFog":true,"showMaterialUpdate":false,"showSkybox":false,"showFlares":true,"showImageEffects":true,"showParticleSystems":true},"in2DMode":false,"pivot":{"x":-1.9957160949707032,"y":5.979999542236328,"z":-11.390873908996582},"rotation":{"x":0.1446951925754547,"y":0.39316779375076296,"z":-0.06280262768268585,"w":0.9058390855789185},"size":11.968820571899414,"orthographic":false}