{"cameraMode":{"drawMode":0,"name":"Shaded","section":"Shading Mode"},"sceneLighting":false,"audioPlay":false,"sceneViewState":{"showFog":true,"showMaterialUpdate":false,"showSkybox":false,"showFlares":true,"showImageEffects":true,"showParticleSystems":true},"in2DMode":false,"pivot":{"x":12.317228317260743,"y":4.233889102935791,"z":-10.993772506713868},"rotation":{"x":0.3298574686050415,"y":0.24147261679172517,"z":-0.08768568933010102,"w":0.9084158539772034},"size":8.544634819030762,"orthographic":false}