{"cameraMode":{"drawMode":0,"name":"Shaded","section":"Shading Mode"},"sceneLighting":false,"audioPlay":false,"sceneViewState":{"showFog":true,"showMaterialUpdate":false,"showSkybox":false,"showFlares":true,"showImageEffects":true,"showParticleSystems":true},"in2DMode":false,"pivot":{"x":2.010819435119629,"y":6.047687530517578,"z":14.551152229309082},"rotation":{"x":0.18293607234954835,"y":0.519727885723114,"z":-0.11502773314714432,"w":0.8265679478645325},"size":8.65368366241455,"orthographic":false}