{"cameraMode":{"drawMode":0,"name":"Shaded","section":"Shading Mode"},"sceneLighting":true,"audioPlay":false,"sceneViewState":{"showFog":true,"showMaterialUpdate":false,"showSkybox":true,"showFlares":true,"showImageEffects":true,"showParticleSystems":true},"in2DMode":false,"pivot":{"x":11.949957847595215,"y":1.124290943145752,"z":-21.40665626525879},"rotation":{"x":0.0915389284491539,"y":0.055547382682561877,"z":-0.005110961385071278,"w":0.9942457675933838},"size":1.8300938606262208,"orthographic":false}