{"cameraMode":{"drawMode":0,"name":"Shaded","section":"Shading Mode"},"sceneLighting":true,"audioPlay":false,"sceneViewState":{"showFog":true,"showMaterialUpdate":false,"showSkybox":true,"showFlares":true,"showImageEffects":true,"showParticleSystems":true},"in2DMode":false,"pivot":{"x":-9.503345489501954,"y":0.8352556228637695,"z":-4.008470058441162},"rotation":{"x":0.0705280750989914,"y":0.9245210289955139,"z":-0.309866726398468,"w":0.2104286551475525},"size":78.27812194824219,"orthographic":false}