{"cameraMode":{"drawMode":0,"name":"Shaded","section":"Shading Mode"},"sceneLighting":true,"audioPlay":false,"sceneViewState":{"showFog":true,"showMaterialUpdate":false,"showSkybox":true,"showFlares":true,"showImageEffects":true,"showParticleSystems":true},"in2DMode":false,"pivot":{"x":5.697237968444824,"y":3.371962547302246,"z":5.256247043609619},"rotation":{"x":0.028512418270111085,"y":0.9610971808433533,"z":-0.2523921728134155,"w":0.10856757313013077},"size":7.702449798583984,"orthographic":false}