{"cameraMode":{"drawMode":0,"name":"Shaded","section":"Shading Mode"},"sceneLighting":true,"audioPlay":false,"sceneViewState":{"showFog":true,"showMaterialUpdate":false,"showSkybox":true,"showFlares":true,"showImageEffects":true,"showParticleSystems":true},"in2DMode":false,"pivot":{"x":2.295987129211426,"y":0.5593452453613281,"z":-16.905426025390626},"rotation":{"x":0.17940828204154969,"y":0.0737086832523346,"z":-0.013481218367815018,"w":0.9809240698814392},"size":112.98210144042969,"orthographic":false}