{"cameraMode":{"drawMode":0,"name":"Shaded","section":"Shading Mode"},"sceneLighting":true,"audioPlay":false,"sceneViewState":{"showFog":true,"showMaterialUpdate":false,"showSkybox":true,"showFlares":true,"showImageEffects":true,"showParticleSystems":true},"in2DMode":false,"pivot":{"x":-13.390676498413086,"y":-10.344430923461914,"z":-18.074718475341798},"rotation":{"x":0.22612841427326203,"y":0.10641618818044663,"z":-0.024860482662916185,"w":0.9679487943649292},"size":53.391300201416019,"orthographic":false}