{"cameraMode":{"drawMode":0,"name":"Shaded","section":"Shading Mode"},"sceneLighting":true,"audioPlay":false,"sceneViewState":{"showFog":true,"showMaterialUpdate":false,"showSkybox":true,"showFlares":true,"showImageEffects":true,"showParticleSystems":true},"in2DMode":false,"pivot":{"x":975.408203125,"y":545.2578125,"z":-59.375},"rotation":{"x":0.0023975891526788475,"y":0.013500762172043324,"z":-0.000031869894883129746,"w":0.9999135136604309},"size":550.1720581054688,"orthographic":true}