{"cameraMode":{"drawMode":0,"name":"Shaded","section":"Shading Mode"},"sceneLighting":false,"audioPlay":false,"sceneViewState":{"showFog":true,"showMaterialUpdate":false,"showSkybox":false,"showFlares":true,"showImageEffects":true,"showParticleSystems":true},"in2DMode":false,"pivot":{"x":-0.04624176025390625,"y":-0.3618927001953125,"z":-1.131103515625},"rotation":{"x":0.00032956284121610224,"y":-0.999214231967926,"z":0.03929990157485008,"w":0.008414696902036667},"size":1.138825535774231,"orthographic":true}