{"cameraMode":{"drawMode":0,"name":"Shaded","section":"Shading Mode"},"sceneLighting":false,"audioPlay":false,"sceneViewState":{"showFog":true,"showMaterialUpdate":false,"showSkybox":false,"showFlares":true,"showImageEffects":true,"showParticleSystems":true},"in2DMode":false,"pivot":{"x":0.29036641120910647,"y":0.9415212869644165,"z":0.08462166786193848},"rotation":{"x":-0.06160940229892731,"y":-0.8520062565803528,"z":0.10300453007221222,"w":-0.5096510648727417},"size":6.260852336883545,"orthographic":false}