{"cameraMode":{"drawMode":0,"name":"Shaded","section":"Shading Mode"},"sceneLighting":false,"audioPlay":false,"sceneViewState":{"showFog":true,"showMaterialUpdate":false,"showSkybox":false,"showFlares":true,"showImageEffects":true,"showParticleSystems":true},"in2DMode":false,"pivot":{"x":-8.163139343261719,"y":1.4953815937042237,"z":-31.12799072265625},"rotation":{"x":0.12436837702989578,"y":-0.802711546421051,"z":0.17992103099822999,"w":0.554835855960846},"size":4.995087146759033,"orthographic":false}