{"cameraMode":{"drawMode":0,"name":"Shaded","section":"Shading Mode"},"sceneLighting":false,"audioPlay":false,"sceneViewState":{"showFog":true,"showMaterialUpdate":false,"showSkybox":false,"showFlares":true,"showImageEffects":true,"showParticleSystems":true},"in2DMode":false,"pivot":{"x":13.951028823852539,"y":3.7439162731170656,"z":3.2455034255981447},"rotation":{"x":0.11623165756464005,"y":0.2893579602241516,"z":-0.035427022725343707,"w":0.9494890570640564},"size":9.06747055053711,"orthographic":false}