{"cameraMode":{"drawMode":0,"name":"Shaded","section":"Shading Mode"},"sceneLighting":false,"audioPlay":false,"sceneViewState":{"showFog":true,"showMaterialUpdate":false,"showSkybox":false,"showFlares":true,"showImageEffects":true,"showParticleSystems":true},"in2DMode":false,"pivot":{"x":-7.328118324279785,"y":-10.226265907287598,"z":-0.03841710090637207},"rotation":{"x":0.10172069817781449,"y":0.6544240117073059,"z":-0.08948643505573273,"w":0.7438951134681702},"size":11.701714515686036,"orthographic":false}