{"cameraMode":{"drawMode":0,"name":"Shaded","section":"Shading Mode"},"sceneLighting":true,"audioPlay":false,"sceneViewState":{"showFog":true,"showMaterialUpdate":false,"showSkybox":true,"showFlares":true,"showImageEffects":true,"showParticleSystems":true},"in2DMode":false,"pivot":{"x":1666.9949951171875,"y":528.1849975585938,"z":-8.5},"rotation":{"x":-0.01830979622900486,"y":-0.0027171107940375807,"z":0.00005989755300106481,"w":-0.9998556971549988},"size":348.6834411621094,"orthographic":false}