{"cameraMode":{"drawMode":0,"name":"Shaded","section":"Shading Mode"},"sceneLighting":true,"audioPlay":false,"sceneViewState":{"showFog":true,"showMaterialUpdate":false,"showSkybox":true,"showFlares":true,"showImageEffects":true,"showParticleSystems":true},"in2DMode":false,"pivot":{"x":2.1865158081054689,"y":13.073921203613282,"z":14.364078521728516},"rotation":{"x":0.1841200590133667,"y":-0.46989238262176516,"z":0.10085780173540116,"w":0.857433021068573},"size":110.8779525756836,"orthographic":false}