{"cameraMode":{"drawMode":0,"name":"Shaded","section":"Shading Mode"},"sceneLighting":false,"audioPlay":false,"sceneViewState":{"showFog":true,"showMaterialUpdate":false,"showSkybox":false,"showFlares":true,"showImageEffects":true,"showParticleSystems":true},"in2DMode":false,"pivot":{"x":18.61418914794922,"y":-0.1338024139404297,"z":-3.2342448234558107},"rotation":{"x":0.23716560006141663,"y":0.6968169212341309,"z":-0.26538950204849245,"w":0.6227107048034668},"size":42.58517074584961,"orthographic":false}