{"cameraMode":{"drawMode":0,"name":"Shaded","section":"Shading Mode"},"sceneLighting":false,"audioPlay":false,"sceneViewState":{"showFog":true,"showMaterialUpdate":false,"showSkybox":false,"showFlares":true,"showImageEffects":true,"showParticleSystems":true},"in2DMode":false,"pivot":{"x":0.5479206442832947,"y":1.472069501876831,"z":-0.6458234786987305},"rotation":{"x":0.010045611299574376,"y":0.9875205755233765,"z":-0.0706268772482872,"w":0.14046789705753327},"size":6.10644006729126,"orthographic":false}