{"cameraMode":{"drawMode":0,"name":"Shaded","section":"Shading Mode"},"sceneLighting":false,"audioPlay":false,"sceneViewState":{"showFog":true,"showMaterialUpdate":false,"showSkybox":false,"showFlares":true,"showImageEffects":true,"showParticleSystems":true},"in2DMode":false,"pivot":{"x":0.82275390625,"y":1.2406005859375,"z":1.4384765625},"rotation":{"x":0.06444323807954788,"y":-0.019457506015896798,"z":0.0012567384401336313,"w":0.9977321028709412},"size":5.376357555389404,"orthographic":true}