{"cameraMode":{"drawMode":0,"name":"Shaded","section":"Shading Mode"},"sceneLighting":true,"audioPlay":false,"sceneViewState":{"showFog":true,"showMaterialUpdate":false,"showSkybox":true,"showFlares":true,"showImageEffects":true,"showParticleSystems":true},"in2DMode":false,"pivot":{"x":920.674560546875,"y":531.1392822265625,"z":-10.8968505859375},"rotation":{"x":-0.004498871508985758,"y":0.005684927571564913,"z":-0.00000847488445288036,"w":1.000004529953003},"size":879.3870849609375,"orthographic":false}