{"cameraMode":{"drawMode":0,"name":"Shaded","section":"Shading Mode"},"sceneLighting":true,"audioPlay":false,"sceneViewState":{"showFog":true,"showMaterialUpdate":false,"showSkybox":true,"showFlares":true,"showImageEffects":true,"showParticleSystems":true},"in2DMode":false,"pivot":{"x":352.1591491699219,"y":203.0409698486328,"z":-7.807037353515625},"rotation":{"x":-0.018308736383914949,"y":-0.002402080688625574,"z":0.00004441024429979734,"w":-0.9998312592506409},"size":426.7764587402344,"orthographic":false}