{"cameraMode":{"drawMode":0,"name":"Shaded","section":"Shading Mode"},"sceneLighting":true,"audioPlay":false,"sceneViewState":{"showFog":true,"showMaterialUpdate":false,"showSkybox":true,"showFlares":true,"showImageEffects":true,"showParticleSystems":true},"in2DMode":false,"pivot":{"x":1737.0352783203125,"y":803.3087158203125,"z":-6.7711181640625},"rotation":{"x":0.09518670290708542,"y":0.037321679294109347,"z":-0.003570339409634471,"w":0.9947584271430969},"size":984.3067016601563,"orthographic":false}