{"cameraMode":{"drawMode":0,"name":"Shaded","section":"Shading Mode"},"sceneLighting":true,"audioPlay":false,"sceneViewState":{"showFog":true,"showMaterialUpdate":false,"showSkybox":true,"showFlares":true,"showImageEffects":true,"showParticleSystems":true},"in2DMode":false,"pivot":{"x":933.3705444335938,"y":592.3284301757813,"z":-17.0311279296875},"rotation":{"x":0.01199614442884922,"y":0.0251802746206522,"z":-0.000342788000125438,"w":0.9996379613876343},"size":1393.1939697265625,"orthographic":false}