{"cameraMode":{"drawMode":0,"name":"Shaded","section":"Shading Mode"},"sceneLighting":true,"audioPlay":false,"sceneViewState":{"showFog":true,"showMaterialUpdate":false,"showSkybox":true,"showFlares":true,"showImageEffects":true,"showParticleSystems":true},"in2DMode":false,"pivot":{"x":48.18614959716797,"y":-102.3277587890625,"z":155.79428100585938},"rotation":{"x":-0.2278716117143631,"y":-0.1523483544588089,"z":0.03613542765378952,"w":-0.9610484838485718},"size":275.0365905761719,"orthographic":false}