{"cameraMode":{"drawMode":0,"name":"Shaded","section":"Shading Mode"},"sceneLighting":true,"audioPlay":false,"sceneViewState":{"showFog":true,"showMaterialUpdate":false,"showSkybox":true,"showFlares":true,"showImageEffects":true,"showParticleSystems":true},"in2DMode":false,"pivot":{"x":1210.8551025390625,"y":606.5291748046875,"z":94.4927978515625},"rotation":{"x":0.03449055925011635,"y":0.013491706922650338,"z":-0.00046625244431197643,"w":0.9993184804916382},"size":1215.8096923828125,"orthographic":false}