{"cameraMode":{"drawMode":0,"name":"Shaded","section":"Shading Mode"},"sceneLighting":false,"audioPlay":false,"sceneViewState":{"showFog":true,"showMaterialUpdate":false,"showSkybox":false,"showFlares":true,"showImageEffects":true,"showParticleSystems":true},"in2DMode":false,"pivot":{"x":-2.384185791015625e-7,"y":-0.829118013381958,"z":-0.00880315899848938},"rotation":{"x":-0.09317535161972046,"y":0.006255161948502064,"z":-0.0005844660918228328,"w":-0.9956517219543457},"size":13.00131607055664,"orthographic":false}