{"cameraMode":{"drawMode":0,"name":"Shaded","section":"Shading Mode"},"sceneLighting":true,"audioPlay":false,"sceneViewState":{"showFog":true,"showMaterialUpdate":false,"showSkybox":false,"showFlares":true,"showImageEffects":true,"showParticleSystems":true},"in2DMode":false,"pivot":{"x":-8.75,"y":2.8549997806549074,"z":-0.005343914031982422},"rotation":{"x":0.1446951925754547,"y":0.39316779375076296,"z":-0.06280262768268585,"w":0.9058390855789185},"size":52.34907150268555,"orthographic":false}