{"cameraMode":{"drawMode":0,"name":"Shaded","section":"Shading Mode"},"sceneLighting":false,"audioPlay":false,"sceneViewState":{"showFog":true,"showMaterialUpdate":false,"showSkybox":false,"showFlares":true,"showImageEffects":true,"showParticleSystems":true},"in2DMode":false,"pivot":{"x":-5.909317493438721,"y":-5.093155384063721,"z":-5.068364143371582},"rotation":{"x":0.21226608753204347,"y":0.08957329392433167,"z":-0.019550470635294915,"w":0.9729149341583252},"size":5.706243515014648,"orthographic":false}