{"cameraMode":{"drawMode":0,"name":"Shaded","section":"Shading Mode"},"sceneLighting":true,"audioPlay":false,"sceneViewState":{"showFog":true,"showMaterialUpdate":false,"showSkybox":false,"showFlares":true,"showImageEffects":true,"showParticleSystems":true},"in2DMode":false,"pivot":{"x":1.5548105239868165,"y":5.250697135925293,"z":-13.635863304138184},"rotation":{"x":0.11890143901109696,"y":0.41643035411834719,"z":-0.055034589022397998,"w":0.8996812701225281},"size":8.753560066223145,"orthographic":false}