{"cameraMode":{"drawMode":0,"name":"Shaded","section":"Shading Mode"},"sceneLighting":true,"audioPlay":false,"sceneViewState":{"showFog":true,"showMaterialUpdate":false,"showSkybox":true,"showFlares":true,"showImageEffects":true,"showParticleSystems":true},"in2DMode":false,"pivot":{"x":1502.42431640625,"y":590.97265625,"z":-49.249267578125},"rotation":{"x":-0.007810594514012337,"y":-0.0027176409494131805,"z":0.000021843563445145264,"w":-0.9999890327453613},"size":729.857177734375,"orthographic":false}