{"cameraMode":{"drawMode":0,"name":"Shaded","section":"Shading Mode"},"sceneLighting":false,"audioPlay":false,"sceneViewState":{"showFog":true,"showMaterialUpdate":false,"showSkybox":false,"showFlares":true,"showImageEffects":true,"showParticleSystems":true},"in2DMode":false,"pivot":{"x":0.7429343461990356,"y":0.9353992938995361,"z":0.05705380439758301},"rotation":{"x":-0.2852374017238617,"y":-0.28314492106437685,"z":0.08862745761871338,"w":-0.9114105701446533},"size":5.699346542358398,"orthographic":false}