{"cameraMode":{"drawMode":0,"name":"Shaded","section":"Shading Mode"},"sceneLighting":false,"audioPlay":false,"sceneViewState":{"showFog":true,"showMaterialUpdate":false,"showSkybox":false,"showFlares":true,"showImageEffects":true,"showParticleSystems":true},"in2DMode":false,"pivot":{"x":-0.9846383333206177,"y":-0.6130423545837402,"z":-0.6972675323486328},"rotation":{"x":0.19515813887119294,"y":0.02910325676202774,"z":-0.005828887224197388,"w":0.980353832244873},"size":28.316232681274415,"orthographic":false}