{"cameraMode":{"drawMode":0,"name":"Shaded","section":"Shading Mode"},"sceneLighting":true,"audioPlay":false,"sceneViewState":{"showFog":true,"showMaterialUpdate":false,"showSkybox":false,"showFlares":true,"showImageEffects":true,"showParticleSystems":true},"in2DMode":false,"pivot":{"x":-2.0711803436279299,"y":6.339173316955566,"z":-2.8230323791503908},"rotation":{"x":0.1858106255531311,"y":0.004422290716320276,"z":-0.0008357381448149681,"w":0.9825803637504578},"size":11.515535354614258,"orthographic":false}