{"cameraMode":{"drawMode":0,"name":"Shaded","section":"Shading Mode"},"sceneLighting":true,"audioPlay":false,"sceneViewState":{"showFog":true,"showMaterialUpdate":false,"showSkybox":true,"showFlares":true,"showImageEffects":true,"showParticleSystems":true},"in2DMode":false,"pivot":{"x":961.1820678710938,"y":320.330078125,"z":12.896575927734375},"rotation":{"x":-0.012308726087212563,"y":0.011096431873738766,"z":-0.00013617947115562856,"w":-0.9998643398284912},"size":818.0771484375,"orthographic":false}