{"cameraMode":{"drawMode":0,"name":"Shaded","section":"Shading Mode"},"sceneLighting":true,"audioPlay":false,"sceneViewState":{"showFog":true,"showMaterialUpdate":false,"showSkybox":true,"showFlares":true,"showImageEffects":true,"showParticleSystems":true},"in2DMode":false,"pivot":{"x":10.999759674072266,"y":-4.994836807250977,"z":3.1457901000976564},"rotation":{"x":-0.17465780675411225,"y":-0.052865222096443179,"z":0.00939215999096632,"w":-0.983187198638916},"size":85.7069320678711,"orthographic":false}