{"cameraMode":{"drawMode":0,"name":"Shaded","section":"Shading Mode"},"sceneLighting":true,"audioPlay":false,"sceneViewState":{"showFog":true,"showMaterialUpdate":false,"showSkybox":true,"showFlares":true,"showImageEffects":true,"showParticleSystems":true},"in2DMode":false,"pivot":{"x":805.854736328125,"y":437.3760070800781,"z":-0.2908935546875},"rotation":{"x":-0.016810106113553048,"y":-0.00121753616258502,"z":0.000020887257051072083,"w":-0.9998819828033447},"size":862.8603515625,"orthographic":false}