{"cameraMode":{"drawMode":0,"name":"Shaded","section":"Shading Mode"},"sceneLighting":true,"audioPlay":false,"sceneViewState":{"showFog":true,"showMaterialUpdate":false,"showSkybox":false,"showFlares":true,"showImageEffects":true,"showParticleSystems":true},"in2DMode":false,"pivot":{"x":-1.9957160949707032,"y":4.895500183105469,"z":-3.390000343322754},"rotation":{"x":0.1858106255531311,"y":0.004422290716320276,"z":-0.0008357381448149681,"w":0.9825803637504578},"size":27.146772384643556,"orthographic":false}