{"cameraMode":{"drawMode":0,"name":"Shaded","section":"Shading Mode"},"sceneLighting":false,"audioPlay":false,"sceneViewState":{"showFog":true,"showMaterialUpdate":false,"showSkybox":false,"showFlares":true,"showImageEffects":true,"showParticleSystems":true},"in2DMode":false,"pivot":{"x":-1.2500003576278687,"y":0.6250000596046448,"z":0.40296146273612978},"rotation":{"x":0.17614330351352693,"y":0.6376699209213257,"z":-0.15303611755371095,"w":0.7341601252555847},"size":4.799774169921875,"orthographic":false}