{"cameraMode":{"drawMode":0,"name":"Shaded","section":"Shading Mode"},"sceneLighting":true,"audioPlay":false,"sceneViewState":{"showFog":true,"showMaterialUpdate":false,"showSkybox":true,"showFlares":true,"showImageEffects":true,"showParticleSystems":true},"in2DMode":false,"pivot":{"x":1343.862548828125,"y":472.1968994140625,"z":107.1932373046875},"rotation":{"x":0.07431737333536148,"y":-0.017948715016245843,"z":0.0013383885379880667,"w":0.9970765709877014},"size":688.1543579101563,"orthographic":false}