{"cameraMode":{"drawMode":0,"name":"Shaded","section":"Shading Mode"},"sceneLighting":true,"audioPlay":false,"sceneViewState":{"showFog":true,"showMaterialUpdate":false,"showSkybox":true,"showFlares":true,"showImageEffects":true,"showParticleSystems":true},"in2DMode":false,"pivot":{"x":-32.24166488647461,"y":4.212270736694336,"z":-19.351531982421876},"rotation":{"x":-0.015237078070640564,"y":0.955712616443634,"z":-0.2896876037120819,"w":-0.05023173987865448},"size":4.9889349937438969,"orthographic":false}