{"cameraMode":{"drawMode":0,"name":"Shaded","section":"Shading Mode"},"sceneLighting":true,"audioPlay":false,"sceneViewState":{"showFog":true,"showMaterialUpdate":false,"showSkybox":true,"showFlares":true,"showImageEffects":true,"showParticleSystems":true},"in2DMode":false,"pivot":{"x":1007.1900634765625,"y":885.8148193359375,"z":-279.9853210449219},"rotation":{"x":-0.020995773375034334,"y":-0.012312511913478375,"z":-0.0003064913325943053,"w":0.999738335609436},"size":279.3313293457031,"orthographic":false}