{"cameraMode":{"drawMode":0,"name":"Shaded","section":"Shading Mode"},"sceneLighting":false,"audioPlay":false,"sceneViewState":{"showFog":true,"showMaterialUpdate":false,"showSkybox":false,"showFlares":true,"showImageEffects":true,"showParticleSystems":true},"in2DMode":false,"pivot":{"x":-0.8128293752670288,"y":-9.40923023223877,"z":-0.45679140090942385},"rotation":{"x":0.13535286486148835,"y":0.04308678209781647,"z":-0.005891611333936453,"w":0.9898511171340942},"size":24.32213020324707,"orthographic":false}