{"cameraMode":{"drawMode":0,"name":"Shaded","section":"Shading Mode"},"sceneLighting":true,"audioPlay":false,"sceneViewState":{"showFog":true,"showMaterialUpdate":false,"showSkybox":true,"showFlares":true,"showImageEffects":true,"showParticleSystems":true},"in2DMode":false,"pivot":{"x":-9.092025756835938,"y":0.9000000953674316,"z":17.09968376159668},"rotation":{"x":-0.19975413382053376,"y":0.04435592144727707,"z":-0.009041537530720234,"w":-0.9788285493850708},"size":2.857883930206299,"orthographic":false}