{"cameraMode":{"drawMode":0,"name":"Shaded","section":"Shading Mode"},"sceneLighting":true,"audioPlay":false,"sceneViewState":{"showFog":true,"showMaterialUpdate":false,"showSkybox":true,"showFlares":true,"showImageEffects":true,"showParticleSystems":true},"in2DMode":false,"pivot":{"x":271.94158935546877,"y":359.71429443359377,"z":-752.2517700195313},"rotation":{"x":0.1741800159215927,"y":-0.08965986222028732,"z":0.01592876948416233,"w":0.9805026650428772},"size":240.25863647460938,"orthographic":false}