{"cameraMode":{"drawMode":0,"name":"Shaded","section":"Shading Mode"},"sceneLighting":true,"audioPlay":false,"sceneViewState":{"showFog":true,"showMaterialUpdate":false,"showSkybox":true,"showFlares":true,"showImageEffects":true,"showParticleSystems":true},"in2DMode":false,"pivot":{"x":954.93408203125,"y":488.9500732421875,"z":-8.889999389648438},"rotation":{"x":0.005397769156843424,"y":-0.0014988762559369207,"z":0.000008507209713570774,"w":0.9999920129776001},"size":1022.3641967773438,"orthographic":false}