{"cameraMode":{"drawMode":0,"name":"Shaded","section":"Shading Mode"},"sceneLighting":true,"audioPlay":false,"sceneViewState":{"showFog":true,"showMaterialUpdate":false,"showSkybox":false,"showFlares":true,"showImageEffects":true,"showParticleSystems":true},"in2DMode":false,"pivot":{"x":-1.5600197315216065,"y":6.355068206787109,"z":-11.419322967529297},"rotation":{"x":0.11890143901109696,"y":0.41643035411834719,"z":-0.055034589022397998,"w":0.8996812701225281},"size":7.128207206726074,"orthographic":false}