{"cameraMode":{"drawMode":0,"name":"Shaded","section":"Shading Mode"},"sceneLighting":false,"audioPlay":false,"sceneViewState":{"showFog":true,"showMaterialUpdate":false,"showSkybox":false,"showFlares":true,"showImageEffects":true,"showParticleSystems":true},"in2DMode":false,"pivot":{"x":0.0,"y":1.0734403133392335,"z":-0.005656242370605469},"rotation":{"x":0.03299155458807945,"y":0.013492470607161522,"z":-0.00044706492917612195,"w":0.9993690848350525},"size":5.461206436157227,"orthographic":false}