{"cameraMode":{"drawMode":0,"name":"Shaded","section":"Shading Mode"},"sceneLighting":true,"audioPlay":false,"sceneViewState":{"showFog":true,"showMaterialUpdate":false,"showSkybox":true,"showFlares":true,"showImageEffects":true,"showParticleSystems":true},"in2DMode":false,"pivot":{"x":-11.121562957763672,"y":1.6084747314453126,"z":-7.8657684326171879},"rotation":{"x":0.1858106255531311,"y":0.004422290716320276,"z":-0.0008357381448149681,"w":0.9825803637504578},"size":55.41410827636719,"orthographic":false}