{"cameraMode":{"drawMode":0,"name":"Shaded","section":"Shading Mode"},"sceneLighting":false,"audioPlay":false,"sceneViewState":{"showFog":true,"showMaterialUpdate":false,"showSkybox":false,"showFlares":true,"showImageEffects":true,"showParticleSystems":true},"in2DMode":false,"pivot":{"x":0.0,"y":1.1040576696395875,"z":-0.050697267055511478},"rotation":{"x":0.15232115983963014,"y":-0.032607898116111758,"z":0.005028306506574154,"w":0.9877815246582031},"size":5.562654972076416,"orthographic":true}