{"cameraMode":{"drawMode":0,"name":"Shaded","section":"Shading Mode"},"sceneLighting":false,"audioPlay":false,"sceneViewState":{"showFog":true,"showMaterialUpdate":false,"showSkybox":false,"showFlares":true,"showImageEffects":true,"showParticleSystems":true},"in2DMode":false,"pivot":{"x":1.1920928955078126e-7,"y":0.6336727142333984,"z":-0.21189895272254945},"rotation":{"x":0.026228537783026696,"y":0.9232749938964844,"z":-0.06409674882888794,"w":0.3778833746910095},"size":2.9418163299560549,"orthographic":false}