{"cameraMode":{"drawMode":0,"name":"Shaded","section":"Shading Mode"},"sceneLighting":true,"audioPlay":false,"sceneViewState":{"showFog":true,"showMaterialUpdate":false,"showSkybox":false,"showFlares":true,"showImageEffects":true,"showParticleSystems":true},"in2DMode":false,"pivot":{"x":-1.9957160949707032,"y":4.895500183105469,"z":-11.600499153137207},"rotation":{"x":0.21020150184631349,"y":0.2093043178319931,"z":-0.04612275958061218,"w":0.9538813829421997},"size":59.62129592895508,"orthographic":false}