{"cameraMode":{"drawMode":0,"name":"Shaded","section":"Shading Mode"},"sceneLighting":true,"audioPlay":false,"sceneViewState":{"showFog":true,"showMaterialUpdate":false,"showSkybox":false,"showFlares":true,"showImageEffects":true,"showParticleSystems":true},"in2DMode":false,"pivot":{"x":-2.25,"y":4.165063381195068,"z":-4.76837158203125e-7},"rotation":{"x":0.037493735551834109,"y":-0.00181542057543993,"z":0.00003378094334038906,"w":0.9993260502815247},"size":135.6365203857422,"orthographic":false}